{"cameraMode":{"drawMode":0,"name":"Shaded","section":"Shading Mode"},"sceneLighting":true,"audioPlay":false,"sceneViewState":{"m_AlwaysRefresh":false,"showFog":true,"showSkybox":true,"showFlares":true,"showImageEffects":true,"showParticleSystems":true,"showVisualEffectGraphs":true,"m_FxEnabled":true},"in2DMode":false,"pivot":{"x":13.358869552612305,"y":-1.8390613794326783,"z":-1.8653349876403809},"rotation":{"x":-0.1392754167318344,"y":-0.03335278853774071,"z":0.004695031326264143,"w":-0.9896806478500366},"size":15.178308486938477,"orthographic":false}