{"cameraMode":{"drawMode":0,"name":"Shaded","section":"Shading Mode"},"sceneLighting":false,"audioPlay":false,"sceneViewState":{"m_AlwaysRefresh":false,"showFog":true,"showSkybox":false,"showFlares":true,"showImageEffects":true,"showParticleSystems":true,"showVisualEffectGraphs":true,"m_FxEnabled":true},"in2DMode":false,"pivot":{"x":5.186164855957031,"y":0.8276311755180359,"z":0.08351123332977295},"rotation":{"x":0.10493117570877075,"y":-0.7372962832450867,"z":0.11777256429195404,"w":0.6568989157676697},"size":4.040926933288574,"orthographic":false}