{"cameraMode":{"drawMode":0,"name":"Shaded","section":"Shading Mode"},"sceneLighting":true,"audioPlay":false,"sceneViewState":{"m_AlwaysRefresh":false,"showFog":true,"showSkybox":true,"showFlares":true,"showImageEffects":true,"showParticleSystems":true,"showVisualEffectGraphs":true,"m_FxEnabled":true},"in2DMode":false,"pivot":{"x":-2.5609190464019777,"y":3.433293342590332,"z":-0.27853506803512576},"rotation":{"x":0.11067739129066467,"y":-0.041131503880023959,"z":0.004584524780511856,"w":0.9929956793785095},"size":8.320784568786621,"orthographic":false}